"","Var1","Freq","speaker","pct"
"1","prayer",79,"Bush 43",0.0192167355874483
"2","thank",60,"Bush 43",0.0145949890537582
"3","us",51,"Bush 43",0.0124057406956945
"4","faith",44,"Bush 43",0.010702991972756
"5","people",44,"Bush 43",0.010702991972756
"6","god",38,"Bush 43",0.0092434930673802
"7","will",38,"Bush 43",0.0092434930673802
"8","nation",35,"Bush 43",0.00851374361469229
"9","appreciate",34,"Bush 43",0.00827049379712965
"10","pray",34,"Bush 43",0.00827049379712965
"11","country",29,"Bush 43",0.00705424470931647
"12","want",27,"Bush 43",0.00656774507419119
"13","every",25,"Bush 43",0.00608124543906592
"14","breakfast",22,"Bush 43",0.00535149598637801
"15","one",22,"Bush 43",0.00535149598637801
"16","president",22,"Bush 43",0.00535149598637801
"17","can",21,"Bush 43",0.00510824616881537
"18","good",21,"Bush 43",0.00510824616881537
"19","world",21,"Bush 43",0.00510824616881537
"20","members",20,"Bush 43",0.00486499635125274
"21","great",19,"Bush 43",0.0046217465336901
"22","almighty",18,"Bush 43",0.00437849671612746
"23","america",18,"Bush 43",0.00437849671612746
"24","americans",18,"Bush 43",0.00437849671612746
"25","come",18,"Bush 43",0.00437849671612746
"26","know",17,"Bush 43",0.00413524689856483
"27","many",17,"Bush 43",0.00413524689856483
"28","prayers",16,"Bush 43",0.00389199708100219
"29","welcome",16,"Bush 43",0.00389199708100219
"30","american",15,"Bush 43",0.00364874726343955
"31","ask",15,"Bush 43",0.00364874726343955
"32","life",15,"Bush 43",0.00364874726343955
"33","time",15,"Bush 43",0.00364874726343955
"34","laura",14,"Bush 43",0.00340549744587692
"35","lives",14,"Bush 43",0.00340549744587692
"36","love",14,"Bush 43",0.00340549744587692
"37","national",14,"Bush 43",0.00340549744587692
"38","yet",14,"Bush 43",0.00340549744587692
"39","men",13,"Bush 43",0.00316224762831428
"40","thanks",13,"Bush 43",0.00316224762831428
"41","compassion",12,"Bush 43",0.00291899781075164
"42","gods",12,"Bush 43",0.00291899781075164
"43","hope",12,"Bush 43",0.00291899781075164
"44","lot",12,"Bush 43",0.00291899781075164
"45","morning",12,"Bush 43",0.00291899781075164
"46","tradition",12,"Bush 43",0.00291899781075164
"47","women",12,"Bush 43",0.00291899781075164
"48","believe",11,"Bush 43",0.00267574799318901
"49","give",11,"Bush 43",0.00267574799318901
"50","grace",11,"Bush 43",0.00267574799318901
"51","hear",11,"Bush 43",0.00267574799318901
"52","im",11,"Bush 43",0.00267574799318901
"53","mr",11,"Bush 43",0.00267574799318901
"54","much",11,"Bush 43",0.00267574799318901
"55","presence",11,"Bush 43",0.00267574799318901
"56","really",11,"Bush 43",0.00267574799318901
"57","said",11,"Bush 43",0.00267574799318901
"58","say",11,"Bush 43",0.00267574799318901
"59","see",11,"Bush 43",0.00267574799318901
"60","today",11,"Bush 43",0.00267574799318901
"61","always",10,"Bush 43",0.00243249817562637
"62","bless",10,"Bush 43",0.00243249817562637
"63","citizens",10,"Bush 43",0.00243249817562637
"64","day",10,"Bush 43",0.00243249817562637
"65","families",10,"Bush 43",0.00243249817562637
"66","hearts",10,"Bush 43",0.00243249817562637
"67","others",10,"Bush 43",0.00243249817562637
"68","recognize",10,"Bush 43",0.00243249817562637
"69","service",10,"Bush 43",0.00243249817562637
"70","strength",10,"Bush 43",0.00243249817562637
"71","also",9,"Bush 43",0.00218924835806373
"72","cabinet",9,"Bush 43",0.00218924835806373
"73","family",9,"Bush 43",0.00218924835806373
"74","human",9,"Bush 43",0.00218924835806373
"75","may",9,"Bush 43",0.00218924835806373
"76","millions",9,"Bush 43",0.00218924835806373
"77","power",9,"Bush 43",0.00218924835806373
"78","proud",9,"Bush 43",0.00218924835806373
"79","work",9,"Bush 43",0.00218924835806373
"80","father",8,"Bush 43",0.00194599854050109
"81","freedom",8,"Bush 43",0.00194599854050109
"82","help",8,"Bush 43",0.00194599854050109
"83","important",8,"Bush 43",0.00194599854050109
"84","need",8,"Bush 43",0.00194599854050109
"85","never",8,"Bush 43",0.00194599854050109
"86","religious",8,"Bush 43",0.00194599854050109
"87","share",8,"Bush 43",0.00194599854050109
"88","times",8,"Bush 43",0.00194599854050109
"89","united",8,"Bush 43",0.00194599854050109
"90","youre",8,"Bush 43",0.00194599854050109
"91","another",7,"Bush 43",0.00170274872293846
"92","blessings",7,"Bush 43",0.00170274872293846
"93","call",7,"Bush 43",0.00170274872293846
"94","civility",7,"Bush 43",0.00170274872293846
"95","continue",7,"Bush 43",0.00170274872293846
"96","defend",7,"Bush 43",0.00170274872293846
"97","different",7,"Bush 43",0.00170274872293846
"98","glad",7,"Bush 43",0.00170274872293846
"99","honored",7,"Bush 43",0.00170274872293846
"100","house",7,"Bush 43",0.00170274872293846
"101","job",7,"Bush 43",0.00170274872293846
"102","just",7,"Bush 43",0.00170274872293846
"103","meet",7,"Bush 43",0.00170274872293846
"104","part",7,"Bush 43",0.00170274872293846
"105","prayed",7,"Bush 43",0.00170274872293846
"106","reminds",7,"Bush 43",0.00170274872293846
"107","seek",7,"Bush 43",0.00170274872293846
"108","states",7,"Bush 43",0.00170274872293846
"109","use",7,"Bush 43",0.00170274872293846
"110","voice",7,"Bush 43",0.00170274872293846
"111","way",7,"Bush 43",0.00170274872293846
"112","well",7,"Bush 43",0.00170274872293846
"113","weve",7,"Bush 43",0.00170274872293846
"114","without",7,"Bush 43",0.00170274872293846
"115","across",6,"Bush 43",0.00145949890537582
"116","aid",6,"Bush 43",0.00145949890537582
"117","confident",6,"Bush 43",0.00145949890537582
"118","congress",6,"Bush 43",0.00145949890537582
"119","eternal",6,"Bush 43",0.00145949890537582
"120","ever",6,"Bush 43",0.00145949890537582
"121","fellow",6,"Bush 43",0.00145949890537582
"122","found",6,"Bush 43",0.00145949890537582
"123","get",6,"Bush 43",0.00145949890537582
"124","gift",6,"Bush 43",0.00145949890537582
"125","government",6,"Bush 43",0.00145949890537582
"126","grow",6,"Bush 43",0.00145949890537582
"127","heart",6,"Bush 43",0.00145949890537582
"128","institutions",6,"Bush 43",0.00145949890537582
"129","iraq",6,"Bush 43",0.00145949890537582
"130","last",6,"Bush 43",0.00145949890537582
"131","leader",6,"Bush 43",0.00145949890537582
"132","lord",6,"Bush 43",0.00145949890537582
"133","loved",6,"Bush 43",0.00145949890537582
"134","made",6,"Bush 43",0.00145949890537582
"135","must",6,"Bush 43",0.00145949890537582
"136","new",6,"Bush 43",0.00145949890537582
"137","offer",6,"Bush 43",0.00145949890537582
"138","often",6,"Bush 43",0.00145949890537582
"139","prayerful",6,"Bush 43",0.00145949890537582
"140","right",6,"Bush 43",0.00145949890537582
"141","serve",6,"Bush 43",0.00145949890537582
"142","shannon",6,"Bush 43",0.00145949890537582
"143","since",6,"Bush 43",0.00145949890537582
"144","sometimes",6,"Bush 43",0.00145949890537582
"145","state",6,"Bush 43",0.00145949890537582
"146","suffering",6,"Bush 43",0.00145949890537582
"147","thing",6,"Bush 43",0.00145949890537582
"148","veronica",6,"Bush 43",0.00145949890537582
"149","w",6,"Bush 43",0.00145949890537582
"150","warm",6,"Bush 43",0.00145949890537582
"151","ways",6,"Bush 43",0.00145949890537582
"152","wife",6,"Bush 43",0.00145949890537582
"153","wisdom",6,"Bush 43",0.00145949890537582
"154","words",6,"Bush 43",0.00145949890537582
"155","around",5,"Bush 43",0.00121624908781318
"156","back",5,"Bush 43",0.00121624908781318
"157","bring",5,"Bush 43",0.00121624908781318
"158","cares",5,"Bush 43",0.00121624908781318
"159","character",5,"Bush 43",0.00121624908781318
"160","comfort",5,"Bush 43",0.00121624908781318
"161","courage",5,"Bush 43",0.00121624908781318
"162","distinguished",5,"Bush 43",0.00121624908781318
"163","fact",5,"Bush 43",0.00121624908781318
"164","fitting",5,"Bush 43",0.00121624908781318
"165","free",5,"Bush 43",0.00121624908781318
"166","going",5,"Bush 43",0.00121624908781318
"167","helped",5,"Bush 43",0.00121624908781318
"168","hes",5,"Bush 43",0.00121624908781318
"169","image",5,"Bush 43",0.00121624908781318
"170","joe",5,"Bush 43",0.00121624908781318
"171","joined",5,"Bush 43",0.00121624908781318
"172","kind",5,"Bush 43",0.00121624908781318
"173","leaders",5,"Bush 43",0.00121624908781318
"174","like",5,"Bush 43",0.00121624908781318
"175","live",5,"Bush 43",0.00121624908781318
"176","means",5,"Bush 43",0.00121624908781318
"177","military",5,"Bush 43",0.00121624908781318
"178","mychals",5,"Bush 43",0.00121624908781318
"179","neighbor",5,"Bush 43",0.00121624908781318
"180","peace",5,"Bush 43",0.00121624908781318
"181","person",5,"Bush 43",0.00121624908781318
"182","poor",5,"Bush 43",0.00121624908781318
"183","religion",5,"Bush 43",0.00121624908781318
"184","reminded",5,"Bush 43",0.00121624908781318
"185","respect",5,"Bush 43",0.00121624908781318
"186","room",5,"Bush 43",0.00121624908781318
"187","set",5,"Bush 43",0.00121624908781318
"188","strong",5,"Bush 43",0.00121624908781318
"189","theres",5,"Bush 43",0.00121624908781318
"190","troops",5,"Bush 43",0.00121624908781318
"191","upon",5,"Bush 43",0.00121624908781318
"192","year",5,"Bush 43",0.00121624908781318
"193","11th",4,"Bush 43",0.000972999270250547
"194","acts",4,"Bush 43",0.000972999270250547
"195","americas",4,"Bush 43",0.000972999270250547
"196","answer",4,"Bush 43",0.000972999270250547
"197","beautiful",4,"Bush 43",0.000972999270250547
"198","bono",4,"Bush 43",0.000972999270250547
"199","bush",4,"Bush 43",0.000972999270250547
"200","carry",4,"Bush 43",0.000972999270250547
"201","challenges",4,"Bush 43",0.000972999270250547
"202","chance",4,"Bush 43",0.000972999270250547
"203","children",4,"Bush 43",0.000972999270250547
"204","congressman",4,"Bush 43",0.000972999270250547
"205","conviction",4,"Bush 43",0.000972999270250547
"206","days",4,"Bush 43",0.000972999270250547
"207","decent",4,"Bush 43",0.000972999270250547
"208","dependence",4,"Bush 43",0.000972999270250547
"209","dignity",4,"Bush 43",0.000972999270250547
"210","earth",4,"Bush 43",0.000972999270250547
"211","equal",4,"Bush 43",0.000972999270250547
"212","equally",4,"Bush 43",0.000972999270250547
"213","faithbased",4,"Bush 43",0.000972999270250547
"214","feel",4,"Bush 43",0.000972999270250547
"215","fellowship",4,"Bush 43",0.000972999270250547
"216","find",4,"Bush 43",0.000972999270250547
"217","friend",4,"Bush 43",0.000972999270250547
"218","friendship",4,"Bush 43",0.000972999270250547
"219","frist",4,"Bush 43",0.000972999270250547
"220","generous",4,"Bush 43",0.000972999270250547
"221","goodness",4,"Bush 43",0.000972999270250547
"222","history",4,"Bush 43",0.000972999270250547
"223","humility",4,"Bush 43",0.000972999270250547
"224","innocent",4,"Bush 43",0.000972999270250547
"225","join",4,"Bush 43",0.000972999270250547
"226","leadership",4,"Bush 43",0.000972999270250547
"227","loss",4,"Bush 43",0.000972999270250547
"228","lost",4,"Bush 43",0.000972999270250547
"229","make",4,"Bush 43",0.000972999270250547
"230","maker",4,"Bush 43",0.000972999270250547
"231","man",4,"Bush 43",0.000972999270250547
"232","mercy",4,"Bush 43",0.000972999270250547
"233","message",4,"Bush 43",0.000972999270250547
"234","moments",4,"Bush 43",0.000972999270250547
"235","now",4,"Bush 43",0.000972999270250547
"236","office",4,"Bush 43",0.000972999270250547
"237","officials",4,"Bush 43",0.000972999270250547
"238","old",4,"Bush 43",0.000972999270250547
"239","personal",4,"Bush 43",0.000972999270250547
"240","place",4,"Bush 43",0.000972999270250547
"241","praying",4,"Bush 43",0.000972999270250547
"242","presidents",4,"Bush 43",0.000972999270250547
"243","produces",4,"Bush 43",0.000972999270250547
"244","providence",4,"Bush 43",0.000972999270250547
"245","purpose",4,"Bush 43",0.000972999270250547
"246","purposes",4,"Bush 43",0.000972999270250547
"247","regardless",4,"Bush 43",0.000972999270250547
"248","safety",4,"Bush 43",0.000972999270250547
"249","says",4,"Bush 43",0.000972999270250547
"250","seen",4,"Bush 43",0.000972999270250547
"251","senator",4,"Bush 43",0.000972999270250547
"252","september",4,"Bush 43",0.000972999270250547
"253","shaken",4,"Bush 43",0.000972999270250547
"254","souls",4,"Bush 43",0.000972999270250547
"255","spirit",4,"Bush 43",0.000972999270250547
"256","strengthened",4,"Bush 43",0.000972999270250547
"257","take",4,"Bush 43",0.000972999270250547
"258","tell",4,"Bush 43",0.000972999270250547
"259","thats",4,"Bush 43",0.000972999270250547
"260","things",4,"Bush 43",0.000972999270250547
"261","together",4,"Bush 43",0.000972999270250547
"262","tolerance",4,"Bush 43",0.000972999270250547
"263","true",4,"Bush 43",0.000972999270250547
"264","walks",4,"Bush 43",0.000972999270250547
"265","washington",4,"Bush 43",0.000972999270250547
"266","wonderful",4,"Bush 43",0.000972999270250547
"267","years",4,"Bush 43",0.000972999270250547
"268","young",4,"Bush 43",0.000972999270250547
"269","—",3,"Bush 43",0.000729749452687911
"270","acknowledge",3,"Bush 43",0.000729749452687911
"271","administration",3,"Bush 43",0.000729749452687911
"272","ahead",3,"Bush 43",0.000729749452687911
"273","anger",3,"Bush 43",0.000729749452687911
"274","annual",3,"Bush 43",0.000729749452687911
"275","answered",3,"Bush 43",0.000729749452687911
"276","answers",3,"Bush 43",0.000729749452687911
"277","aside",3,"Bush 43",0.000729749452687911
"278","beings",3,"Bush 43",0.000729749452687911
"279","beliefs",3,"Bush 43",0.000729749452687911
"280","best",3,"Bush 43",0.000729749452687911
"281","blessed",3,"Bush 43",0.000729749452687911
"282","brave",3,"Bush 43",0.000729749452687911
"283","build",3,"Bush 43",0.000729749452687911
"284","called",3,"Bush 43",0.000729749452687911
"285","calling",3,"Bush 43",0.000729749452687911
"286","calm",3,"Bush 43",0.000729749452687911
"287","capital",3,"Bush 43",0.000729749452687911
"288","choose",3,"Bush 43",0.000729749452687911
"289","city",3,"Bush 43",0.000729749452687911
"290","civil",3,"Bush 43",0.000729749452687911
"291","coming",3,"Bush 43",0.000729749452687911
"292","command",3,"Bush 43",0.000729749452687911
"293","compassionate",3,"Bush 43",0.000729749452687911
"294","confidence",3,"Bush 43",0.000729749452687911
"295","convictions",3,"Bush 43",0.000729749452687911
"296","deeper",3,"Bush 43",0.000729749452687911
"297","difference",3,"Bush 43",0.000729749452687911
"298","dignitaries",3,"Bush 43",0.000729749452687911
"299","dont",3,"Bush 43",0.000729749452687911
"300","dwight",3,"Bush 43",0.000729749452687911
"301","eisenhower",3,"Bush 43",0.000729749452687911
"302","especially",3,"Bush 43",0.000729749452687911
"303","even",3,"Bush 43",0.000729749452687911
"304","event",3,"Bush 43",0.000729749452687911
"305","everywhere",3,"Bush 43",0.000729749452687911
"306","example",3,"Bush 43",0.000729749452687911
"307","face",3,"Bush 43",0.000729749452687911
"308","faiths",3,"Bush 43",0.000729749452687911
"309","fine",3,"Bush 43",0.000729749452687911
"310","friends",3,"Bush 43",0.000729749452687911
"311","gather",3,"Bush 43",0.000729749452687911
"312","gifts",3,"Bush 43",0.000729749452687911
"313","go",3,"Bush 43",0.000729749452687911
"314","got",3,"Bush 43",0.000729749452687911
"315","gracious",3,"Bush 43",0.000729749452687911
"316","grateful",3,"Bush 43",0.000729749452687911
"317","gratitude",3,"Bush 43",0.000729749452687911
"318","guests",3,"Bush 43",0.000729749452687911
"319","guy",3,"Bush 43",0.000729749452687911
"320","heads",3,"Bush 43",0.000729749452687911
"321","hungry",3,"Bush 43",0.000729749452687911
"322","inspired",3,"Bush 43",0.000729749452687911
"323","iraqi",3,"Bush 43",0.000729749452687911
"324","john",3,"Bush 43",0.000729749452687911
"325","joining",3,"Bush 43",0.000729749452687911
"326","judge",3,"Bush 43",0.000729749452687911
"327","keep",3,"Bush 43",0.000729749452687911
"328","kindness",3,"Bush 43",0.000729749452687911
"329","leave",3,"Bush 43",0.000729749452687911
"330","lift",3,"Bush 43",0.000729749452687911
"331","listen",3,"Bush 43",0.000729749452687911
"332","met",3,"Bush 43",0.000729749452687911
"333","michael",3,"Bush 43",0.000729749452687911
"334","might",3,"Bush 43",0.000729749452687911
"335","moment",3,"Bush 43",0.000729749452687911
"336","mosques",3,"Bush 43",0.000729749452687911
"337","music",3,"Bush 43",0.000729749452687911
"338","muslims",3,"Bush 43",0.000729749452687911
"339","mychal",3,"Bush 43",0.000729749452687911
"340","nations",3,"Bush 43",0.000729749452687911
"341","needed",3,"Bush 43",0.000729749452687911
"342","number",3,"Bush 43",0.000729749452687911
"343","particularly",3,"Bush 43",0.000729749452687911
"344","past",3,"Bush 43",0.000729749452687911
"345","pelosi",3,"Bush 43",0.000729749452687911
"346","perseverance",3,"Bush 43",0.000729749452687911
"347","plans",3,"Bush 43",0.000729749452687911
"348","precious",3,"Bush 43",0.000729749452687911
"349","pretty",3,"Bush 43",0.000729749452687911
"350","prime",3,"Bush 43",0.000729749452687911
"351","protect",3,"Bush 43",0.000729749452687911
"352","provide",3,"Bush 43",0.000729749452687911
"353","remain",3,"Bush 43",0.000729749452687911
"354","reverend",3,"Bush 43",0.000729749452687911
"355","rice",3,"Bush 43",0.000729749452687911
"356","second",3,"Bush 43",0.000729749452687911
"357","seeing",3,"Bush 43",0.000729749452687911
"358","seeking",3,"Bush 43",0.000729749452687911
"359","senate",3,"Bush 43",0.000729749452687911
"360","senators",3,"Bush 43",0.000729749452687911
"361","sermon",3,"Bush 43",0.000729749452687911
"362","serves",3,"Bush 43",0.000729749452687911
"363","shown",3,"Bush 43",0.000729749452687911
"364","side",3,"Bush 43",0.000729749452687911
"365","sight",3,"Bush 43",0.000729749452687911
"366","stand",3,"Bush 43",0.000729749452687911
"367","story",3,"Bush 43",0.000729749452687911
"368","strengthen",3,"Bush 43",0.000729749452687911
"369","suffer",3,"Bush 43",0.000729749452687911
"370","teaches",3,"Bush 43",0.000729749452687911
"371","temptation",3,"Bush 43",0.000729749452687911
"372","terror",3,"Bush 43",0.000729749452687911
"373","thankful",3,"Bush 43",0.000729749452687911
"374","think",3,"Bush 43",0.000729749452687911
"375","throughout",3,"Bush 43",0.000729749452687911
"376","treated",3,"Bush 43",0.000729749452687911
"377","truth",3,"Bush 43",0.000729749452687911
"378","understand",3,"Bush 43",0.000729749452687911
"379","universal",3,"Bush 43",0.000729749452687911
"380","victims",3,"Bush 43",0.000729749452687911
"381","war",3,"Bush 43",0.000729749452687911
"382","whatever",3,"Bush 43",0.000729749452687911
"383","white",3,"Bush 43",0.000729749452687911
"384","wish",3,"Bush 43",0.000729749452687911
"385","working",3,"Bush 43",0.000729749452687911
"386","wounded",3,"Bush 43",0.000729749452687911
"387","wrong",3,"Bush 43",0.000729749452687911
"388","york",3,"Bush 43",0.000729749452687911
"389","youve",3,"Bush 43",0.000729749452687911
"390","’re",2,"Bush 43",0.000486499635125274
"391","2001",2,"Bush 43",0.000486499635125274
"392","2008",2,"Bush 43",0.000486499635125274
"393","56th",2,"Bush 43",0.000486499635125274
"394","abizaid",2,"Bush 43",0.000486499635125274
"395","abraham",2,"Bush 43",0.000486499635125274
"396","admiral",2,"Bush 43",0.000486499635125274
"397","africa",2,"Bush 43",0.000486499635125274
"398","amazing",2,"Bush 43",0.000486499635125274
"399","amigo",2,"Bush 43",0.000486499635125274
"400","ann",2,"Bush 43",0.000486499635125274
"401","approach",2,"Bush 43",0.000486499635125274
"402","armed",2,"Bush 43",0.000486499635125274
"403","armies",2,"Bush 43",0.000486499635125274
"404","attended",2,"Bush 43",0.000486499635125274
"405","authority",2,"Bush 43",0.000486499635125274
"406","beamer",2,"Bush 43",0.000486499635125274
"407","become",2,"Bush 43",0.000486499635125274
"408","beginnings",2,"Bush 43",0.000486499635125274
"409","behind",2,"Bush 43",0.000486499635125274
"410","bended",2,"Bush 43",0.000486499635125274
"411","bestowed",2,"Bush 43",0.000486499635125274
"412","better",2,"Bush 43",0.000486499635125274
"413","blunt",2,"Bush 43",0.000486499635125274
"414","boghosian",2,"Bush 43",0.000486499635125274
"415","bondage",2,"Bush 43",0.000486499635125274
"416","bow",2,"Bush 43",0.000486499635125274
"417","brought",2,"Bush 43",0.000486499635125274
"418","busy",2,"Bush 43",0.000486499635125274
"419","came",2,"Bush 43",0.000486499635125274
"420","carlson",2,"Bush 43",0.000486499635125274
"421","case",2,"Bush 43",0.000486499635125274
"422","catholic",2,"Bush 43",0.000486499635125274
"423","cause",2,"Bush 43",0.000486499635125274
"424","chairman",2,"Bush 43",0.000486499635125274
"425","challenge",2,"Bush 43",0.000486499635125274
"426","change",2,"Bush 43",0.000486499635125274
"427","changes",2,"Bush 43",0.000486499635125274
"428","changing",2,"Bush 43",0.000486499635125274
"429","charities",2,"Bush 43",0.000486499635125274
"430","child",2,"Bush 43",0.000486499635125274
"431","choices",2,"Bush 43",0.000486499635125274
"432","churches",2,"Bush 43",0.000486499635125274
"433","citizen",2,"Bush 43",0.000486499635125274
"434","clear",2,"Bush 43",0.000486499635125274
"435","clothing",2,"Bush 43",0.000486499635125274
"436","comes",2,"Bush 43",0.000486499635125274
"437","comment",2,"Bush 43",0.000486499635125274
"438","comments",2,"Bush 43",0.000486499635125274
"439","common",2,"Bush 43",0.000486499635125274
"440","communities",2,"Bush 43",0.000486499635125274
"441","community",2,"Bush 43",0.000486499635125274
"442","condoleezza",2,"Bush 43",0.000486499635125274
"443","conscience",2,"Bush 43",0.000486499635125274
"444","countless",2,"Bush 43",0.000486499635125274
"445","course",2,"Bush 43",0.000486499635125274
"446","created",2,"Bush 43",0.000486499635125274
"447","creator",2,"Bush 43",0.000486499635125274
"448","cultures",2,"Bush 43",0.000486499635125274
"449","daily",2,"Bush 43",0.000486499635125274
"450","danger",2,"Bush 43",0.000486499635125274
"451","daughter",2,"Bush 43",0.000486499635125274
"452","dedicated",2,"Bush 43",0.000486499635125274
"453","dedication",2,"Bush 43",0.000486499635125274
"454","deep",2,"Bush 43",0.000486499635125274
"455","deepest",2,"Bush 43",0.000486499635125274
"456","deeply",2,"Bush 43",0.000486499635125274
"457","delighted",2,"Bush 43",0.000486499635125274
"458","desire",2,"Bush 43",0.000486499635125274
"459","didnt",2,"Bush 43",0.000486499635125274
"460","die",2,"Bush 43",0.000486499635125274
"461","divine",2,"Bush 43",0.000486499635125274
"462","done",2,"Bush 43",0.000486499635125274
"463","dr",2,"Bush 43",0.000486499635125274
"464","early",2,"Bush 43",0.000486499635125274
"465","elderly",2,"Bush 43",0.000486499635125274
"466","end",2,"Bush 43",0.000486499635125274
"467","entrusted",2,"Bush 43",0.000486499635125274
"468","everyone",2,"Bush 43",0.000486499635125274
"469","evil",2,"Bush 43",0.000486499635125274
"470","eyes",2,"Bush 43",0.000486499635125274
"471","fabulous",2,"Bush 43",0.000486499635125274
"472","faithful",2,"Bush 43",0.000486499635125274
"473","far",2,"Bush 43",0.000486499635125274
"474","favor",2,"Bush 43",0.000486499635125274
"475","feb",2,"Bush 43",0.000486499635125274
"476","feed",2,"Bush 43",0.000486499635125274
"477","felt",2,"Bush 43",0.000486499635125274
"478","finds",2,"Bush 43",0.000486499635125274
"479","finished",2,"Bush 43",0.000486499635125274
"480","first",2,"Bush 43",0.000486499635125274
"481","firsthand",2,"Bush 43",0.000486499635125274
"482","flow",2,"Bush 43",0.000486499635125274
"483","follow",2,"Bush 43",0.000486499635125274
"484","force",2,"Bush 43",0.000486499635125274
"485","forever",2,"Bush 43",0.000486499635125274
"486","forth",2,"Bush 43",0.000486499635125274
"487","forward",2,"Bush 43",0.000486499635125274
"488","founded",2,"Bush 43",0.000486499635125274
"489","general",2,"Bush 43",0.000486499635125274
"490","george",2,"Bush 43",0.000486499635125274
"491","gets",2,"Bush 43",0.000486499635125274
"492","getting",2,"Bush 43",0.000486499635125274
"493","girl",2,"Bush 43",0.000486499635125274
"494","girls",2,"Bush 43",0.000486499635125274
"495","given",2,"Bush 43",0.000486499635125274
"496","gives",2,"Bush 43",0.000486499635125274
"497","goes",2,"Bush 43",0.000486499635125274
"498","greater",2,"Bush 43",0.000486499635125274
"499","greatest",2,"Bush 43",0.000486499635125274
"500","grief",2,"Bush 43",0.000486499635125274
"501","grieve",2,"Bush 43",0.000486499635125274
"502","guidance",2,"Bush 43",0.000486499635125274
"503","hard",2,"Bush 43",0.000486499635125274
"504","hears",2,"Bush 43",0.000486499635125274
"505","held",2,"Bush 43",0.000486499635125274
"506","helping",2,"Bush 43",0.000486499635125274
"507","heres",2,"Bush 43",0.000486499635125274
"508","heritage",2,"Bush 43",0.000486499635125274
"509","hilton",2,"Bush 43",0.000486499635125274
"510","holton",2,"Bush 43",0.000486499635125274
"511","home",2,"Bush 43",0.000486499635125274
"512","homeless",2,"Bush 43",0.000486499635125274
"513","homes",2,"Bush 43",0.000486499635125274
"514","honor",2,"Bush 43",0.000486499635125274
"515","hopes",2,"Bush 43",0.000486499635125274
"516","hospitals",2,"Bush 43",0.000486499635125274
"517","hotel",2,"Bush 43",0.000486499635125274
"518","hour",2,"Bush 43",0.000486499635125274
"519","humble",2,"Bush 43",0.000486499635125274
"520","id",2,"Bush 43",0.000486499635125274
"521","ideals",2,"Bush 43",0.000486499635125274
"522","including",2,"Bush 43",0.000486499635125274
"523","incredibly",2,"Bush 43",0.000486499635125274
"524","instead",2,"Bush 43",0.000486499635125274
"525","interested",2,"Bush 43",0.000486499635125274
"526","interesting",2,"Bush 43",0.000486499635125274
"527","isnt",2,"Bush 43",0.000486499635125274
"528","jo",2,"Bush 43",0.000486499635125274
"529","joy",2,"Bush 43",0.000486499635125274
"530","joyce",2,"Bush 43",0.000486499635125274
"531","jr",2,"Bush 43",0.000486499635125274
"532","jumped",2,"Bush 43",0.000486499635125274
"533","king",2,"Bush 43",0.000486499635125274
"534","knee",2,"Bush 43",0.000486499635125274
"535","knew",2,"Bush 43",0.000486499635125274
"536","known",2,"Bush 43",0.000486499635125274
"537","land",2,"Bush 43",0.000486499635125274
"538","lay",2,"Bush 43",0.000486499635125274
"539","lead",2,"Bush 43",0.000486499635125274
"540","learned",2,"Bush 43",0.000486499635125274
"541","left",2,"Bush 43",0.000486499635125274
"542","let",2,"Bush 43",0.000486499635125274
"543","lincoln",2,"Bush 43",0.000486499635125274
"544","linger",2,"Bush 43",0.000486499635125274
"545","lisa",2,"Bush 43",0.000486499635125274
"546","listens",2,"Bush 43",0.000486499635125274
"547","little",2,"Bush 43",0.000486499635125274
"548","living",2,"Bush 43",0.000486499635125274
"549","local",2,"Bush 43",0.000486499635125274
"550","look",2,"Bush 43",0.000486499635125274
"551","loving",2,"Bush 43",0.000486499635125274
"552","matter",2,"Bush 43",0.000486499635125274
"553","mentioned",2,"Bush 43",0.000486499635125274
"554","mi",2,"Bush 43",0.000486499635125274
"555","ministers",2,"Bush 43",0.000486499635125274
"556","mission",2,"Bush 43",0.000486499635125274
"557","months",2,"Bush 43",0.000486499635125274
"558","moral",2,"Bush 43",0.000486499635125274
"559","muslim",2,"Bush 43",0.000486499635125274
"560","n",2,"Bush 43",0.000486499635125274
"561","named",2,"Bush 43",0.000486499635125274
"562","neighbors",2,"Bush 43",0.000486499635125274
"563","next",2,"Bush 43",0.000486499635125274
"564","obviously",2,"Bush 43",0.000486499635125274
"565","open",2,"Bush 43",0.000486499635125274
"566","orphan",2,"Bush 43",0.000486499635125274
"567","pennsylvania",2,"Bush 43",0.000486499635125274
"568","photo",2,"Bush 43",0.000486499635125274
"569","plan",2,"Bush 43",0.000486499635125274
"570","political",2,"Bush 43",0.000486499635125274
"571","practice",2,"Bush 43",0.000486499635125274
"572","praise",2,"Bush 43",0.000486499635125274
"573","prays",2,"Bush 43",0.000486499635125274
"574","prescribe",2,"Bush 43",0.000486499635125274
"575","present",2,"Bush 43",0.000486499635125274
"576","presidency",2,"Bush 43",0.000486499635125274
"577","priorities",2,"Bush 43",0.000486499635125274
"578","profess",2,"Bush 43",0.000486499635125274
"579","promise",2,"Bush 43",0.000486499635125274
"580","promote",2,"Bush 43",0.000486499635125274
"581","protection",2,"Bush 43",0.000486499635125274
"582","putting",2,"Bush 43",0.000486499635125274
"583","rather",2,"Bush 43",0.000486499635125274
"584","reach",2,"Bush 43",0.000486499635125274
"585","reads",2,"Bush 43",0.000486499635125274
"586","reality",2,"Bush 43",0.000486499635125274
"587","recognized",2,"Bush 43",0.000486499635125274
"588","recovery",2,"Bush 43",0.000486499635125274
"589","relief",2,"Bush 43",0.000486499635125274
"590","remarks",2,"Bush 43",0.000486499635125274
"591","remember",2,"Bush 43",0.000486499635125274
"592","representative",2,"Bush 43",0.000486499635125274
"593","requests",2,"Bush 43",0.000486499635125274
"594","resolve",2,"Bush 43",0.000486499635125274
"595","respond",2,"Bush 43",0.000486499635125274
"596","ropeline",2,"Bush 43",0.000486499635125274
"597","ropelines",2,"Bush 43",0.000486499635125274
"598","sacrifice",2,"Bush 43",0.000486499635125274
"599","seated",2,"Bush 43",0.000486499635125274
"600","servant",2,"Bush 43",0.000486499635125274
"601","shall",2,"Bush 43",0.000486499635125274
"602","sharing",2,"Bush 43",0.000486499635125274
"603","short",2,"Bush 43",0.000486499635125274
"604","show",2,"Bush 43",0.000486499635125274
"605","shows",2,"Bush 43",0.000486499635125274
"606","something",2,"Bush 43",0.000486499635125274
"607","source",2,"Bush 43",0.000486499635125274
"608","speak",2,"Bush 43",0.000486499635125274
"609","speaker",2,"Bush 43",0.000486499635125274
"610","specialist",2,"Bush 43",0.000486499635125274
"611","spend",2,"Bush 43",0.000486499635125274
"612","standard",2,"Bush 43",0.000486499635125274
"613","stronger",2,"Bush 43",0.000486499635125274
"614","success",2,"Bush 43",0.000486499635125274
"615","sunday",2,"Bush 43",0.000486499635125274
"616","surrendering",2,"Bush 43",0.000486499635125274
"617","sustain",2,"Bush 43",0.000486499635125274
"618","synagogues",2,"Bush 43",0.000486499635125274
"619","talents",2,"Bush 43",0.000486499635125274
"620","temporary",2,"Bush 43",0.000486499635125274
"621","terrible",2,"Bush 43",0.000486499635125274
"622","test",2,"Bush 43",0.000486499635125274
"623","testing",2,"Bush 43",0.000486499635125274
"624","texas",2,"Bush 43",0.000486499635125274
"625","thanksgiving",2,"Bush 43",0.000486499635125274
"626","theyve",2,"Bush 43",0.000486499635125274
"627","thursday",2,"Bush 43",0.000486499635125274
"628","ties",2,"Bush 43",0.000486499635125274
"629","told",2,"Bush 43",0.000486499635125274
"630","touch",2,"Bush 43",0.000486499635125274
"631","toward",2,"Bush 43",0.000486499635125274
"632","trade",2,"Bush 43",0.000486499635125274
"633","tragedy",2,"Bush 43",0.000486499635125274
"634","treat",2,"Bush 43",0.000486499635125274
"635","trust",2,"Bush 43",0.000486499635125274
"636","ultimately",2,"Bush 43",0.000486499635125274
"637","understanding",2,"Bush 43",0.000486499635125274
"638","uniform",2,"Bush 43",0.000486499635125274
"639","used",2,"Bush 43",0.000486499635125274
"640","vice",2,"Bush 43",0.000486499635125274
"641","views",2,"Bush 43",0.000486499635125274
"642","voices",2,"Bush 43",0.000486499635125274
"643","volunteer",2,"Bush 43",0.000486499635125274
"644","walk",2,"Bush 43",0.000486499635125274
"645","watch",2,"Bush 43",0.000486499635125274
"646","water",2,"Bush 43",0.000486499635125274
"647","week",2,"Bush 43",0.000486499635125274
"648","welcomes",2,"Bush 43",0.000486499635125274
"649","widow",2,"Bush 43",0.000486499635125274
"650","witnessed",2,"Bush 43",0.000486499635125274
"651","worked",2,"Bush 43",0.000486499635125274
"652","worship",2,"Bush 43",0.000486499635125274
"653","worth",2,"Bush 43",0.000486499635125274
"654","——",1,"Bush 43",0.000243249817562637
"655","—madagascar",1,"Bush 43",0.000243249817562637
"656","‘‘love",1,"Bush 43",0.000243249817562637
"657","‘‘shallow",1,"Bush 43",0.000243249817562637
"658","‘‘thank",1,"Bush 43",0.000243249817562637
"659","‘‘without",1,"Bush 43",0.000243249817562637
"660","’s",1,"Bush 43",0.000243249817562637
"661","’ve",1,"Bush 43",0.000243249817562637
"662","100000",1,"Bush 43",0.000243249817562637
"663","13yearold",1,"Bush 43",0.000243249817562637
"664","1600",1,"Bush 43",0.000243249817562637
"665","1864",1,"Bush 43",0.000243249817562637
"666","1945",1,"Bush 43",0.000243249817562637
"667","2003",1,"Bush 43",0.000243249817562637
"668","20yearold",1,"Bush 43",0.000243249817562637
"669","21",1,"Bush 43",0.000243249817562637
"670","5",1,"Bush 43",0.000243249817562637
"671","50th",1,"Bush 43",0.000243249817562637
"672","55th",1,"Bush 43",0.000243249817562637
"673","7",1,"Bush 43",0.000243249817562637
"674","8",1,"Bush 43",0.000243249817562637
"675","abandon",1,"Bush 43",0.000243249817562637
"676","absence",1,"Bush 43",0.000243249817562637
"677","acknowledges",1,"Bush 43",0.000243249817562637
"678","act",1,"Bush 43",0.000243249817562637
"679","action",1,"Bush 43",0.000243249817562637
"680","addiction",1,"Bush 43",0.000243249817562637
"681","admired",1,"Bush 43",0.000243249817562637
"682","adversity",1,"Bush 43",0.000243249817562637
"683","adviser",1,"Bush 43",0.000243249817562637
"684","advisory",1,"Bush 43",0.000243249817562637
"685","affairs",1,"Bush 43",0.000243249817562637
"686","affirming",1,"Bush 43",0.000243249817562637
"687","afghanistan",1,"Bush 43",0.000243249817562637
"688","agencies",1,"Bush 43",0.000243249817562637
"689","agency",1,"Bush 43",0.000243249817562637
"690","aids",1,"Bush 43",0.000243249817562637
"691","allows",1,"Bush 43",0.000243249817562637
"692","almightys",1,"Bush 43",0.000243249817562637
"693","alone",1,"Bush 43",0.000243249817562637
"694","already",1,"Bush 43",0.000243249817562637
"695","ambition",1,"Bush 43",0.000243249817562637
"696","amen",1,"Bush 43",0.000243249817562637
"697","anniversary",1,"Bush 43",0.000243249817562637
"698","answering",1,"Bush 43",0.000243249817562637
"699","anybody",1,"Bush 43",0.000243249817562637
"700","anyone",1,"Bush 43",0.000243249817562637
"701","appeal",1,"Bush 43",0.000243249817562637
"702","approaching",1,"Bush 43",0.000243249817562637
"703","appropriate",1,"Bush 43",0.000243249817562637
"704","arent",1,"Bush 43",0.000243249817562637
"705","arkansas",1,"Bush 43",0.000243249817562637
"706","army",1,"Bush 43",0.000243249817562637
"707","arranged",1,"Bush 43",0.000243249817562637
"708","assembling",1,"Bush 43",0.000243249817562637
"709","assistant",1,"Bush 43",0.000243249817562637
"710","assumptions",1,"Bush 43",0.000243249817562637
"711","assurance",1,"Bush 43",0.000243249817562637
"712","atop",1,"Bush 43",0.000243249817562637
"713","attacked",1,"Bush 43",0.000243249817562637
"714","attacks",1,"Bush 43",0.000243249817562637
"715","attends",1,"Bush 43",0.000243249817562637
"716","attest",1,"Bush 43",0.000243249817562637
"717","attribute",1,"Bush 43",0.000243249817562637
"718","august",1,"Bush 43",0.000243249817562637
"719","await",1,"Bush 43",0.000243249817562637
"720","away",1,"Bush 43",0.000243249817562637
"721","awesome",1,"Bush 43",0.000243249817562637
"722","background",1,"Bush 43",0.000243249817562637
"723","backgrounds",1,"Bush 43",0.000243249817562637
"724","banner",1,"Bush 43",0.000243249817562637
"725","baptist",1,"Bush 43",0.000243249817562637
"726","bart",1,"Bush 43",0.000243249817562637
"727","basis",1,"Bush 43",0.000243249817562637
"728","battle",1,"Bush 43",0.000243249817562637
"729","bearing",1,"Bush 43",0.000243249817562637
"730","becomes",1,"Bush 43",0.000243249817562637
"731","bed",1,"Bush 43",0.000243249817562637
"732","begun",1,"Bush 43",0.000243249817562637
"733","behalf",1,"Bush 43",0.000243249817562637
"734","belief",1,"Bush 43",0.000243249817562637
"735","believed",1,"Bush 43",0.000243249817562637
"736","benefits",1,"Bush 43",0.000243249817562637
"737","bethlehem",1,"Bush 43",0.000243249817562637
"738","bigotry",1,"Bush 43",0.000243249817562637
"739","bitterness",1,"Bush 43",0.000243249817562637
"740","blind",1,"Bush 43",0.000243249817562637
"741","blinding",1,"Bush 43",0.000243249817562637
"742","blockhead’’",1,"Bush 43",0.000243249817562637
"743","blunts",1,"Bush 43",0.000243249817562637
"744","board",1,"Bush 43",0.000243249817562637
"745","bodies",1,"Bush 43",0.000243249817562637
"746","bold",1,"Bush 43",0.000243249817562637
"747","boldness",1,"Bush 43",0.000243249817562637
"748","book",1,"Bush 43",0.000243249817562637
"749","books",1,"Bush 43",0.000243249817562637
"750","border",1,"Bush 43",0.000243249817562637
"751","borders",1,"Bush 43",0.000243249817562637
"752","born",1,"Bush 43",0.000243249817562637
"753","boys",1,"Bush 43",0.000243249817562637
"754","braewell",1,"Bush 43",0.000243249817562637
"755","bringing",1,"Bush 43",0.000243249817562637
"756","brings",1,"Bush 43",0.000243249817562637
"757","brothers",1,"Bush 43",0.000243249817562637
"758","buildings",1,"Bush 43",0.000243249817562637
"759","built",1,"Bush 43",0.000243249817562637
"760","burning",1,"Bush 43",0.000243249817562637
"761","cannons",1,"Bush 43",0.000243249817562637
"762","cant",1,"Bush 43",0.000243249817562637
"763","capacity",1,"Bush 43",0.000243249817562637
"764","captains",1,"Bush 43",0.000243249817562637
"765","card",1,"Bush 43",0.000243249817562637
"766","care",1,"Bush 43",0.000243249817562637
"767","career",1,"Bush 43",0.000243249817562637
"768","careful",1,"Bush 43",0.000243249817562637
"769","caring",1,"Bush 43",0.000243249817562637
"770","casual",1,"Bush 43",0.000243249817562637
"771","catch",1,"Bush 43",0.000243249817562637
"772","caught",1,"Bush 43",0.000243249817562637
"773","cece",1,"Bush 43",0.000243249817562637
"774","celebrate",1,"Bush 43",0.000243249817562637
"775","center",1,"Bush 43",0.000243249817562637
"776","central",1,"Bush 43",0.000243249817562637
"777","century",1,"Bush 43",0.000243249817562637
"778","certain",1,"Bush 43",0.000243249817562637
"779","certainly",1,"Bush 43",0.000243249817562637
"780","certainty",1,"Bush 43",0.000243249817562637
"781","certified",1,"Bush 43",0.000243249817562637
"782","challenging",1,"Bush 43",0.000243249817562637
"783","chao",1,"Bush 43",0.000243249817562637
"784","chaplain",1,"Bush 43",0.000243249817562637
"785","characterized",1,"Bush 43",0.000243249817562637
"786","charge",1,"Bush 43",0.000243249817562637
"787","charged",1,"Bush 43",0.000243249817562637
"788","cherished",1,"Bush 43",0.000243249817562637
"789","chief",1,"Bush 43",0.000243249817562637
"790","chiefs",1,"Bush 43",0.000243249817562637
"791","childrens",1,"Bush 43",0.000243249817562637
"792","choice",1,"Bush 43",0.000243249817562637
"793","chorus",1,"Bush 43",0.000243249817562637
"794","chose",1,"Bush 43",0.000243249817562637
"795","christian",1,"Bush 43",0.000243249817562637
"796","christians",1,"Bush 43",0.000243249817562637
"797","church",1,"Bush 43",0.000243249817562637
"798","circle",1,"Bush 43",0.000243249817562637
"799","clark",1,"Bush 43",0.000243249817562637
"800","clearly",1,"Bush 43",0.000243249817562637
"801","clerics",1,"Bush 43",0.000243249817562637
"802","clinics",1,"Bush 43",0.000243249817562637
"803","close",1,"Bush 43",0.000243249817562637
"804","clothe",1,"Bush 43",0.000243249817562637
"805","coach",1,"Bush 43",0.000243249817562637
"806","coast",1,"Bush 43",0.000243249817562637
"807","coleman",1,"Bush 43",0.000243249817562637
"808","collected",1,"Bush 43",0.000243249817562637
"809","collecting",1,"Bush 43",0.000243249817562637
"810","collins",1,"Bush 43",0.000243249817562637
"811","colorless",1,"Bush 43",0.000243249817562637
"812","comforting",1,"Bush 43",0.000243249817562637
"813","commandment",1,"Bush 43",0.000243249817562637
"814","commend",1,"Bush 43",0.000243249817562637
"815","commitment",1,"Bush 43",0.000243249817562637
"816","complete",1,"Bush 43",0.000243249817562637
"817","completing",1,"Bush 43",0.000243249817562637
"818","conditions",1,"Bush 43",0.000243249817562637
"819","conflict",1,"Bush 43",0.000243249817562637
"820","confused",1,"Bush 43",0.000243249817562637
"821","congregations",1,"Bush 43",0.000243249817562637
"822","congresspeople",1,"Bush 43",0.000243249817562637
"823","consequences",1,"Bush 43",0.000243249817562637
"824","constitution",1,"Bush 43",0.000243249817562637
"825","constitutional",1,"Bush 43",0.000243249817562637
"826","continent",1,"Bush 43",0.000243249817562637
"827","continents",1,"Bush 43",0.000243249817562637
"828","continuing",1,"Bush 43",0.000243249817562637
"829","contribution",1,"Bush 43",0.000243249817562637
"830","contributions",1,"Bush 43",0.000243249817562637
"831","corner",1,"Bush 43",0.000243249817562637
"832","corps",1,"Bush 43",0.000243249817562637
"833","count",1,"Bush 43",0.000243249817562637
"834","countries",1,"Bush 43",0.000243249817562637
"835","countrys",1,"Bush 43",0.000243249817562637
"836","couple",1,"Bush 43",0.000243249817562637
"837","courageous",1,"Bush 43",0.000243249817562637
"838","courtesy",1,"Bush 43",0.000243249817562637
"839","cranking",1,"Bush 43",0.000243249817562637
"840","creation",1,"Bush 43",0.000243249817562637
"841","creatures",1,"Bush 43",0.000243249817562637
"842","creed",1,"Bush 43",0.000243249817562637
"843","creeds",1,"Bush 43",0.000243249817562637
"844","crisis",1,"Bush 43",0.000243249817562637
"845","cross",1,"Bush 43",0.000243249817562637
"846","crosses",1,"Bush 43",0.000243249817562637
"847","crucial",1,"Bush 43",0.000243249817562637
"848","cruel",1,"Bush 43",0.000243249817562637
"849","cry",1,"Bush 43",0.000243249817562637
"850","crying",1,"Bush 43",0.000243249817562637
"851","dad",1,"Bush 43",0.000243249817562637
"852","dais",1,"Bush 43",0.000243249817562637
"853","darn",1,"Bush 43",0.000243249817562637
"854","daughters",1,"Bush 43",0.000243249817562637
"855","davis",1,"Bush 43",0.000243249817562637
"856","day—every",1,"Bush 43",0.000243249817562637
"857","day—millions",1,"Bush 43",0.000243249817562637
"858","dead",1,"Bush 43",0.000243249817562637
"859","deal",1,"Bush 43",0.000243249817562637
"860","debate",1,"Bush 43",0.000243249817562637
"861","debates",1,"Bush 43",0.000243249817562637
"862","debbie",1,"Bush 43",0.000243249817562637
"863","decided",1,"Bush 43",0.000243249817562637
"864","decision",1,"Bush 43",0.000243249817562637
"865","decisive",1,"Bush 43",0.000243249817562637
"866","declared",1,"Bush 43",0.000243249817562637
"867","defending",1,"Bush 43",0.000243249817562637
"868","deference",1,"Bush 43",0.000243249817562637
"869","defines",1,"Bush 43",0.000243249817562637
"870","defying",1,"Bush 43",0.000243249817562637
"871","delay",1,"Bush 43",0.000243249817562637
"872","delivering",1,"Bush 43",0.000243249817562637
"873","demand",1,"Bush 43",0.000243249817562637
"874","democracy",1,"Bush 43",0.000243249817562637
"875","demonize",1,"Bush 43",0.000243249817562637
"876","department",1,"Bush 43",0.000243249817562637
"877","dependent",1,"Bush 43",0.000243249817562637
"878","described",1,"Bush 43",0.000243249817562637
"879","design",1,"Bush 43",0.000243249817562637
"880","desires",1,"Bush 43",0.000243249817562637
"881","devastated",1,"Bush 43",0.000243249817562637
"882","devastating",1,"Bush 43",0.000243249817562637
"883","dick",1,"Bush 43",0.000243249817562637
"884","difficult",1,"Bush 43",0.000243249817562637
"885","dinner",1,"Bush 43",0.000243249817562637
"886","diplomatic",1,"Bush 43",0.000243249817562637
"887","disagreements",1,"Bush 43",0.000243249817562637
"888","disappoint",1,"Bush 43",0.000243249817562637
"889","disappointment",1,"Bush 43",0.000243249817562637
"890","disasters",1,"Bush 43",0.000243249817562637
"891","discern",1,"Bush 43",0.000243249817562637
"892","discover",1,"Bush 43",0.000243249817562637
"893","discriminating",1,"Bush 43",0.000243249817562637
"894","disease",1,"Bush 43",0.000243249817562637
"895","displaced",1,"Bush 43",0.000243249817562637
"896","display",1,"Bush 43",0.000243249817562637
"897","displaying",1,"Bush 43",0.000243249817562637
"898","distant",1,"Bush 43",0.000243249817562637
"899","distributed",1,"Bush 43",0.000243249817562637
"900","diversity",1,"Bush 43",0.000243249817562637
"901","divided",1,"Bush 43",0.000243249817562637
"902","doer",1,"Bush 43",0.000243249817562637
"903","don’t",1,"Bush 43",0.000243249817562637
"904","donation",1,"Bush 43",0.000243249817562637
"905","dose",1,"Bush 43",0.000243249817562637
"906","doubt",1,"Bush 43",0.000243249817562637
"907","dried",1,"Bush 43",0.000243249817562637
"908","drives",1,"Bush 43",0.000243249817562637
"909","duty",1,"Bush 43",0.000243249817562637
"910","dying",1,"Bush 43",0.000243249817562637
"911","earthly",1,"Bush 43",0.000243249817562637
"912","earthquake",1,"Bush 43",0.000243249817562637
"913","easily",1,"Bush 43",0.000243249817562637
"914","east",1,"Bush 43",0.000243249817562637
"915","easy",1,"Bush 43",0.000243249817562637
"916","elaine",1,"Bush 43",0.000243249817562637
"917","elected",1,"Bush 43",0.000243249817562637
"918","eloquence",1,"Bush 43",0.000243249817562637
"919","eloquent",1,"Bush 43",0.000243249817562637
"920","embrace",1,"Bush 43",0.000243249817562637
"921","embraced",1,"Bush 43",0.000243249817562637
"922","emerson’s",1,"Bush 43",0.000243249817562637
"923","encloses",1,"Bush 43",0.000243249817562637
"924","encourage",1,"Bush 43",0.000243249817562637
"925","encouraged",1,"Bush 43",0.000243249817562637
"926","encourages",1,"Bush 43",0.000243249817562637
"927","enjoyed",1,"Bush 43",0.000243249817562637
"928","enlisting",1,"Bush 43",0.000243249817562637
"929","enslave",1,"Bush 43",0.000243249817562637
"930","enter",1,"Bush 43",0.000243249817562637
"931","entire",1,"Bush 43",0.000243249817562637
"932","enzi",1,"Bush 43",0.000243249817562637
"933","equalizers",1,"Bush 43",0.000243249817562637
"934","essential",1,"Bush 43",0.000243249817562637
"935","events",1,"Bush 43",0.000243249817562637
"936","everybody",1,"Bush 43",0.000243249817562637
"937","excellency",1,"Bush 43",0.000243249817562637
"938","except",1,"Bush 43",0.000243249817562637
"939","exhortations",1,"Bush 43",0.000243249817562637
"940","experiences",1,"Bush 43",0.000243249817562637
"941","experiencing",1,"Bush 43",0.000243249817562637
"942","explanation",1,"Bush 43",0.000243249817562637
"943","exploited",1,"Bush 43",0.000243249817562637
"944","express",1,"Bush 43",0.000243249817562637
"945","extending",1,"Bush 43",0.000243249817562637
"946","extremely",1,"Bush 43",0.000243249817562637
"947","fall",1,"Bush 43",0.000243249817562637
"948","fallen",1,"Bush 43",0.000243249817562637
"949","fantastic",1,"Bush 43",0.000243249817562637
"950","fatigue",1,"Bush 43",0.000243249817562637
"951","favorite",1,"Bush 43",0.000243249817562637
"952","fear",1,"Bush 43",0.000243249817562637
"953","federal",1,"Bush 43",0.000243249817562637
"954","fella",1,"Bush 43",0.000243249817562637
"955","fields",1,"Bush 43",0.000243249817562637
"956","fighting",1,"Bush 43",0.000243249817562637
"957","figure",1,"Bush 43",0.000243249817562637
"958","filled",1,"Bush 43",0.000243249817562637
"959","final",1,"Bush 43",0.000243249817562637
"960","finish",1,"Bush 43",0.000243249817562637
"961","finley",1,"Bush 43",0.000243249817562637
"962","fire",1,"Bush 43",0.000243249817562637
"963","firefighter",1,"Bush 43",0.000243249817562637
"964","firm",1,"Bush 43",0.000243249817562637
"965","five",1,"Bush 43",0.000243249817562637
"966","fled",1,"Bush 43",0.000243249817562637
"967","foes",1,"Bush 43",0.000243249817562637
"968","forbids",1,"Bush 43",0.000243249817562637
"969","forces",1,"Bush 43",0.000243249817562637
"970","foreign",1,"Bush 43",0.000243249817562637
"971","forget",1,"Bush 43",0.000243249817562637
"972","forgiveness",1,"Bush 43",0.000243249817562637
"973","forgot",1,"Bush 43",0.000243249817562637
"974","forgotten",1,"Bush 43",0.000243249817562637
"975","formed",1,"Bush 43",0.000243249817562637
"976","former",1,"Bush 43",0.000243249817562637
"977","fortunate",1,"Bush 43",0.000243249817562637
"978","fought",1,"Bush 43",0.000243249817562637
"979","foundations",1,"Bush 43",0.000243249817562637
"980","franklin",1,"Bush 43",0.000243249817562637
"981","freedom’’",1,"Bush 43",0.000243249817562637
"982","freedoms",1,"Bush 43",0.000243249817562637
"983","freely",1,"Bush 43",0.000243249817562637
"984","freer",1,"Bush 43",0.000243249817562637
"985","fresh",1,"Bush 43",0.000243249817562637
"986","fulfillment",1,"Bush 43",0.000243249817562637
"987","full",1,"Bush 43",0.000243249817562637
"988","future",1,"Bush 43",0.000243249817562637
"989","gain",1,"Bush 43",0.000243249817562637
"990","gained",1,"Bush 43",0.000243249817562637
"991","gathering",1,"Bush 43",0.000243249817562637
"992","generation",1,"Bush 43",0.000243249817562637
"993","generations",1,"Bush 43",0.000243249817562637
"994","generosity",1,"Bush 43",0.000243249817562637
"995","gibbs",1,"Bush 43",0.000243249817562637
"996","giving",1,"Bush 43",0.000243249817562637
"997","glenn",1,"Bush 43",0.000243249817562637
"998","global",1,"Bush 43",0.000243249817562637
"999","globe",1,"Bush 43",0.000243249817562637
"1000","god’s",1,"Bush 43",0.000243249817562637
"1001","godgiven",1,"Bush 43",0.000243249817562637
"1002","gotten",1,"Bush 43",0.000243249817562637
"1003","govern",1,"Bush 43",0.000243249817562637
"1004","governors",1,"Bush 43",0.000243249817562637
"1005","gracias",1,"Bush 43",0.000243249817562637
"1006","grandmother",1,"Bush 43",0.000243249817562637
"1007","greatly",1,"Bush 43",0.000243249817562637
"1008","grieving",1,"Bush 43",0.000243249817562637
"1009","group",1,"Bush 43",0.000243249817562637
"1010","groups",1,"Bush 43",0.000243249817562637
"1011","growing",1,"Bush 43",0.000243249817562637
"1012","guard",1,"Bush 43",0.000243249817562637
"1013","guardsman",1,"Bush 43",0.000243249817562637
"1014","guess",1,"Bush 43",0.000243249817562637
"1015","gulf",1,"Bush 43",0.000243249817562637
"1016","habits",1,"Bush 43",0.000243249817562637
"1017","half",1,"Bush 43",0.000243249817562637
"1018","hall",1,"Bush 43",0.000243249817562637
"1019","hand",1,"Bush 43",0.000243249817562637
"1020","handprinted",1,"Bush 43",0.000243249817562637
"1021","happened",1,"Bush 43",0.000243249817562637
"1022","hardships",1,"Bush 43",0.000243249817562637
"1023","harm",1,"Bush 43",0.000243249817562637
"1024","harry",1,"Bush 43",0.000243249817562637
"1025","hateful",1,"Bush 43",0.000243249817562637
"1026","havent",1,"Bush 43",0.000243249817562637
"1027","head",1,"Bush 43",0.000243249817562637
"1028","heal",1,"Bush 43",0.000243249817562637
"1029","healing",1,"Bush 43",0.000243249817562637
"1030","heard",1,"Bush 43",0.000243249817562637
"1031","hearing",1,"Bush 43",0.000243249817562637
"1032","heartfelt",1,"Bush 43",0.000243249817562637
"1033","hebrew",1,"Bush 43",0.000243249817562637
"1034","hello",1,"Bush 43",0.000243249817562637
"1035","helper",1,"Bush 43",0.000243249817562637
"1036","helps",1,"Bush 43",0.000243249817562637
"1037","hesitation",1,"Bush 43",0.000243249817562637
"1038","hickey",1,"Bush 43",0.000243249817562637
"1039","high",1,"Bush 43",0.000243249817562637
"1040","hijackers",1,"Bush 43",0.000243249817562637
"1041","hit",1,"Bush 43",0.000243249817562637
"1042","hiv",1,"Bush 43",0.000243249817562637
"1043","hivaids",1,"Bush 43",0.000243249817562637
"1044","hold",1,"Bush 43",0.000243249817562637
"1045","holding",1,"Bush 43",0.000243249817562637
"1046","holy",1,"Bush 43",0.000243249817562637
"1047","honduras",1,"Bush 43",0.000243249817562637
"1048","honorable",1,"Bush 43",0.000243249817562637
"1049","hopeful",1,"Bush 43",0.000243249817562637
"1050","horrific",1,"Bush 43",0.000243249817562637
"1051","hospices",1,"Bush 43",0.000243249817562637
"1052","hospitality",1,"Bush 43",0.000243249817562637
"1053","houston",1,"Bush 43",0.000243249817562637
"1054","hoyer",1,"Bush 43",0.000243249817562637
"1055","hoyers",1,"Bush 43",0.000243249817562637
"1056","humbled",1,"Bush 43",0.000243249817562637
"1057","humility—",1,"Bush 43",0.000243249817562637
"1058","hurt",1,"Bush 43",0.000243249817562637
"1059","husband",1,"Bush 43",0.000243249817562637
"1060","ignored",1,"Bush 43",0.000243249817562637
"1061","ike",1,"Bush 43",0.000243249817562637
"1062","ill",1,"Bush 43",0.000243249817562637
"1063","illusion",1,"Bush 43",0.000243249817562637
"1064","imagine",1,"Bush 43",0.000243249817562637
"1065","impose",1,"Bush 43",0.000243249817562637
"1066","impressions",1,"Bush 43",0.000243249817562637
"1067","impulse",1,"Bush 43",0.000243249817562637
"1068","incredible",1,"Bush 43",0.000243249817562637
"1069","individual",1,"Bush 43",0.000243249817562637
"1070","individuals",1,"Bush 43",0.000243249817562637
"1071","indonesia",1,"Bush 43",0.000243249817562637
"1072","industry",1,"Bush 43",0.000243249817562637
"1073","infirm",1,"Bush 43",0.000243249817562637
"1074","influence",1,"Bush 43",0.000243249817562637
"1075","inherent",1,"Bush 43",0.000243249817562637
"1076","inherit",1,"Bush 43",0.000243249817562637
"1077","inhofe",1,"Bush 43",0.000243249817562637
"1078","insight",1,"Bush 43",0.000243249817562637
"1079","insignificant",1,"Bush 43",0.000243249817562637
"1080","inspires",1,"Bush 43",0.000243249817562637
"1081","intended",1,"Bush 43",0.000243249817562637
"1082","internet",1,"Bush 43",0.000243249817562637
"1083","intolerance",1,"Bush 43",0.000243249817562637
"1084","introduced",1,"Bush 43",0.000243249817562637
"1085","introduction",1,"Bush 43",0.000243249817562637
"1086","introduction——especially",1,"Bush 43",0.000243249817562637
"1087","isaiah",1,"Bush 43",0.000243249817562637
"1088","islams",1,"Bush 43",0.000243249817562637
"1089","issued",1,"Bush 43",0.000243249817562637
"1090","items",1,"Bush 43",0.000243249817562637
"1091","ive",1,"Bush 43",0.000243249817562637
"1092","james",1,"Bush 43",0.000243249817562637
"1093","janet",1,"Bush 43",0.000243249817562637
"1094","jew",1,"Bush 43",0.000243249817562637
"1095","jewish",1,"Bush 43",0.000243249817562637
"1096","jews",1,"Bush 43",0.000243249817562637
"1097","joint",1,"Bush 43",0.000243249817562637
"1098","jon",1,"Bush 43",0.000243249817562637
"1099","journey",1,"Bush 43",0.000243249817562637
"1100","jumps",1,"Bush 43",0.000243249817562637
"1101","june",1,"Bush 43",0.000243249817562637
"1102","justice",1,"Bush 43",0.000243249817562637
"1103","justly",1,"Bush 43",0.000243249817562637
"1104","kathy",1,"Bush 43",0.000243249817562637
"1105","katrina",1,"Bush 43",0.000243249817562637
"1106","kay",1,"Bush 43",0.000243249817562637
"1107","kill",1,"Bush 43",0.000243249817562637
"1108","killed",1,"Bush 43",0.000243249817562637
"1109","killing",1,"Bush 43",0.000243249817562637
"1110","kindred",1,"Bush 43",0.000243249817562637
"1111","kinds",1,"Bush 43",0.000243249817562637
"1112","knees",1,"Bush 43",0.000243249817562637
"1113","knowing",1,"Bush 43",0.000243249817562637
"1114","knowledge",1,"Bush 43",0.000243249817562637
"1115","kyl",1,"Bush 43",0.000243249817562637
"1116","lady",1,"Bush 43",0.000243249817562637
"1117","lanka",1,"Bush 43",0.000243249817562637
"1118","lauras",1,"Bush 43",0.000243249817562637
"1119","leading",1,"Bush 43",0.000243249817562637
"1120","leads",1,"Bush 43",0.000243249817562637
"1121","learn",1,"Bush 43",0.000243249817562637
"1122","led",1,"Bush 43",0.000243249817562637
"1123","left—",1,"Bush 43",0.000243249817562637
"1124","lend",1,"Bush 43",0.000243249817562637
"1125","lending",1,"Bush 43",0.000243249817562637
"1126","less",1,"Bush 43",0.000243249817562637
"1127","liberated",1,"Bush 43",0.000243249817562637
"1128","liberia",1,"Bush 43",0.000243249817562637
"1129","liberty",1,"Bush 43",0.000243249817562637
"1130","lifes",1,"Bush 43",0.000243249817562637
"1131","limits",1,"Bush 43",0.000243249817562637
"1132","lincoln’s",1,"Bush 43",0.000243249817562637
"1133","lisas",1,"Bush 43",0.000243249817562637
"1134","list",1,"Bush 43",0.000243249817562637
"1135","lived",1,"Bush 43",0.000243249817562637
"1136","liver",1,"Bush 43",0.000243249817562637
"1137","loneliest",1,"Bush 43",0.000243249817562637
"1138","longtime",1,"Bush 43",0.000243249817562637
"1139","lovely",1,"Bush 43",0.000243249817562637
"1140","luther",1,"Bush 43",0.000243249817562637
"1141","lynne",1,"Bush 43",0.000243249817562637
"1142","madam",1,"Bush 43",0.000243249817562637
"1143","madness",1,"Bush 43",0.000243249817562637
"1144","maduro",1,"Bush 43",0.000243249817562637
"1145","majesty",1,"Bush 43",0.000243249817562637
"1146","majority",1,"Bush 43",0.000243249817562637
"1147","makes",1,"Bush 43",0.000243249817562637
"1148","managed",1,"Bush 43",0.000243249817562637
"1149","marc",1,"Bush 43",0.000243249817562637
"1150","married",1,"Bush 43",0.000243249817562637
"1151","martin",1,"Bush 43",0.000243249817562637
"1152","master",1,"Bush 43",0.000243249817562637
"1153","mean",1,"Bush 43",0.000243249817562637
"1154","medical",1,"Bush 43",0.000243249817562637
"1155","meekness",1,"Bush 43",0.000243249817562637
"1156","meeting",1,"Bush 43",0.000243249817562637
"1157","member",1,"Bush 43",0.000243249817562637
"1158","memory",1,"Bush 43",0.000243249817562637
"1159","men’’",1,"Bush 43",0.000243249817562637
"1160","mental",1,"Bush 43",0.000243249817562637
"1161","merely",1,"Bush 43",0.000243249817562637
"1162","messages",1,"Bush 43",0.000243249817562637
"1163","middle",1,"Bush 43",0.000243249817562637
"1164","midst",1,"Bush 43",0.000243249817562637
"1165","mind",1,"Bush 43",0.000243249817562637
"1166","mindful",1,"Bush 43",0.000243249817562637
"1167","mine",1,"Bush 43",0.000243249817562637
"1168","minister",1,"Bush 43",0.000243249817562637
"1169","miracle",1,"Bush 43",0.000243249817562637
"1170","miracles",1,"Bush 43",0.000243249817562637
"1171","model",1,"Bush 43",0.000243249817562637
"1172","mom",1,"Bush 43",0.000243249817562637
"1173","morgan",1,"Bush 43",0.000243249817562637
"1174","mostly",1,"Bush 43",0.000243249817562637
"1175","mourn",1,"Bush 43",0.000243249817562637
"1176","moved",1,"Bush 43",0.000243249817562637
"1177","movement",1,"Bush 43",0.000243249817562637
"1178","mrs",1,"Bush 43",0.000243249817562637
"1179","mucci",1,"Bush 43",0.000243249817562637
"1180","mullen",1,"Bush 43",0.000243249817562637
"1181","multiplied",1,"Bush 43",0.000243249817562637
"1182","myers",1,"Bush 43",0.000243249817562637
"1183","names",1,"Bush 43",0.000243249817562637
"1184","nation’s",1,"Bush 43",0.000243249817562637
"1185","natural",1,"Bush 43",0.000243249817562637
"1186","near",1,"Bush 43",0.000243249817562637
"1187","needy",1,"Bush 43",0.000243249817562637
"1188","neighborhoods",1,"Bush 43",0.000243249817562637
"1189","nelson",1,"Bush 43",0.000243249817562637
"1190","nicole",1,"Bush 43",0.000243249817562637
"1191","night",1,"Bush 43",0.000243249817562637
"1192","noble",1,"Bush 43",0.000243249817562637
"1193","none",1,"Bush 43",0.000243249817562637
"1194","nonprofit",1,"Bush 43",0.000243249817562637
"1195","nonreligious",1,"Bush 43",0.000243249817562637
"1196","norman",1,"Bush 43",0.000243249817562637
"1197","nothing",1,"Bush 43",0.000243249817562637
"1198","noticed",1,"Bush 43",0.000243249817562637
"1199","november",1,"Bush 43",0.000243249817562637
"1200","nursing",1,"Bush 43",0.000243249817562637
"1201","obligation",1,"Bush 43",0.000243249817562637
"1202","occasion",1,"Bush 43",0.000243249817562637
"1203","occasionally——",1,"Bush 43",0.000243249817562637
"1204","offered",1,"Bush 43",0.000243249817562637
"1205","officer",1,"Bush 43",0.000243249817562637
"1206","officers",1,"Bush 43",0.000243249817562637
"1207","official",1,"Bush 43",0.000243249817562637
"1208","ones",1,"Bush 43",0.000243249817562637
"1209","ongoing",1,"Bush 43",0.000243249817562637
"1210","opened",1,"Bush 43",0.000243249817562637
"1211","opening",1,"Bush 43",0.000243249817562637
"1212","opponents",1,"Bush 43",0.000243249817562637
"1213","oppress",1,"Bush 43",0.000243249817562637
"1214","oppressive",1,"Bush 43",0.000243249817562637
"1215","oppressors",1,"Bush 43",0.000243249817562637
"1216","organization",1,"Bush 43",0.000243249817562637
"1217","organizations",1,"Bush 43",0.000243249817562637
"1218","organize",1,"Bush 43",0.000243249817562637
"1219","organized",1,"Bush 43",0.000243249817562637
"1220","organizing",1,"Bush 43",0.000243249817562637
"1221","otherwise",1,"Bush 43",0.000243249817562637
"1222","outpouring",1,"Bush 43",0.000243249817562637
"1223","outside",1,"Bush 43",0.000243249817562637
"1224","overlooked",1,"Bush 43",0.000243249817562637
"1225","overseas",1,"Bush 43",0.000243249817562637
"1226","overwhelming",1,"Bush 43",0.000243249817562637
"1227","owe",1,"Bush 43",0.000243249817562637
"1228","packages",1,"Bush 43",0.000243249817562637
"1229","paint",1,"Bush 43",0.000243249817562637
"1230","pakistan",1,"Bush 43",0.000243249817562637
"1231","parents",1,"Bush 43",0.000243249817562637
"1232","paris",1,"Bush 43",0.000243249817562637
"1233","partners",1,"Bush 43",0.000243249817562637
"1234","party",1,"Bush 43",0.000243249817562637
"1235","passes",1,"Bush 43",0.000243249817562637
"1236","path",1,"Bush 43",0.000243249817562637
"1237","patience",1,"Bush 43",0.000243249817562637
"1238","patient",1,"Bush 43",0.000243249817562637
"1239","paul",1,"Bush 43",0.000243249817562637
"1240","paying",1,"Bush 43",0.000243249817562637
"1241","peoria",1,"Bush 43",0.000243249817562637
"1242","period",1,"Bush 43",0.000243249817562637
"1243","persecution",1,"Bush 43",0.000243249817562637
"1244","personality",1,"Bush 43",0.000243249817562637
"1245","pews",1,"Bush 43",0.000243249817562637
"1246","philosophy",1,"Bush 43",0.000243249817562637
"1247","phipps",1,"Bush 43",0.000243249817562637
"1248","picking",1,"Bush 43",0.000243249817562637
"1249","pile",1,"Bush 43",0.000243249817562637
"1250","placard",1,"Bush 43",0.000243249817562637
"1251","please",1,"Bush 43",0.000243249817562637
"1252","pleasing",1,"Bush 43",0.000243249817562637
"1253","pledge",1,"Bush 43",0.000243249817562637
"1254","position",1,"Bush 43",0.000243249817562637
"1255","possible",1,"Bush 43",0.000243249817562637
"1256","pours",1,"Bush 43",0.000243249817562637
"1257","powerful",1,"Bush 43",0.000243249817562637
"1258","practiced",1,"Bush 43",0.000243249817562637
"1259","preacher",1,"Bush 43",0.000243249817562637
"1260","preachers",1,"Bush 43",0.000243249817562637
"1261","preaching",1,"Bush 43",0.000243249817562637
"1262","predicted",1,"Bush 43",0.000243249817562637
"1263","prefer",1,"Bush 43",0.000243249817562637
"1264","presenting",1,"Bush 43",0.000243249817562637
"1265","presidential",1,"Bush 43",0.000243249817562637
"1266","priest",1,"Bush 43",0.000243249817562637
"1267","priority",1,"Bush 43",0.000243249817562637
"1268","prisons",1,"Bush 43",0.000243249817562637
"1269","privilege",1,"Bush 43",0.000243249817562637
"1270","profound",1,"Bush 43",0.000243249817562637
"1271","program",1,"Bush 43",0.000243249817562637
"1272","proper",1,"Bush 43",0.000243249817562637
"1273","providing",1,"Bush 43",0.000243249817562637
"1274","pryor",1,"Bush 43",0.000243249817562637
"1275","public",1,"Bush 43",0.000243249817562637
"1276","purse",1,"Bush 43",0.000243249817562637
"1277","put",1,"Bush 43",0.000243249817562637
"1278","quiet",1,"Bush 43",0.000243249817562637
"1279","raised",1,"Bush 43",0.000243249817562637
"1280","rancor",1,"Bush 43",0.000243249817562637
"1281","rash",1,"Bush 43",0.000243249817562637
"1282","ravalomanana",1,"Bush 43",0.000243249817562637
"1283","ray",1,"Bush 43",0.000243249817562637
"1284","reaching",1,"Bush 43",0.000243249817562637
"1285","reading",1,"Bush 43",0.000243249817562637
"1286","ready",1,"Bush 43",0.000243249817562637
"1287","realize",1,"Bush 43",0.000243249817562637
"1288","reason",1,"Bush 43",0.000243249817562637
"1289","reasons",1,"Bush 43",0.000243249817562637
"1290","rebuilt",1,"Bush 43",0.000243249817562637
"1291","receive",1,"Bush 43",0.000243249817562637
"1292","recent",1,"Bush 43",0.000243249817562637
"1293","recognition",1,"Bush 43",0.000243249817562637
"1294","recognizing",1,"Bush 43",0.000243249817562637
"1295","redeemed",1,"Bush 43",0.000243249817562637
"1296","reelected",1,"Bush 43",0.000243249817562637
"1297","reflect",1,"Bush 43",0.000243249817562637
"1298","reformed",1,"Bush 43",0.000243249817562637
"1299","refreshed",1,"Bush 43",0.000243249817562637
"1300","refuge",1,"Bush 43",0.000243249817562637
"1301","refugee",1,"Bush 43",0.000243249817562637
"1302","refurbish",1,"Bush 43",0.000243249817562637
"1303","regard",1,"Bush 43",0.000243249817562637
"1304","regimes",1,"Bush 43",0.000243249817562637
"1305","reign",1,"Bush 43",0.000243249817562637
"1306","relationship",1,"Bush 43",0.000243249817562637
"1307","religions",1,"Bush 43",0.000243249817562637
"1308","remains",1,"Bush 43",0.000243249817562637
"1309","remembering",1,"Bush 43",0.000243249817562637
"1310","remembers",1,"Bush 43",0.000243249817562637
"1311","rent",1,"Bush 43",0.000243249817562637
"1312","repaired",1,"Bush 43",0.000243249817562637
"1313","replaced",1,"Bush 43",0.000243249817562637
"1314","representatives",1,"Bush 43",0.000243249817562637
"1315","representing",1,"Bush 43",0.000243249817562637
"1316","require",1,"Bush 43",0.000243249817562637
"1317","required",1,"Bush 43",0.000243249817562637
"1318","rescued",1,"Bush 43",0.000243249817562637
"1319","resenting",1,"Bush 43",0.000243249817562637
"1320","resettle",1,"Bush 43",0.000243249817562637
"1321","resisted",1,"Bush 43",0.000243249817562637
"1322","respected",1,"Bush 43",0.000243249817562637
"1323","responded",1,"Bush 43",0.000243249817562637
"1324","response",1,"Bush 43",0.000243249817562637
"1325","responsibility",1,"Bush 43",0.000243249817562637
"1326","return",1,"Bush 43",0.000243249817562637
"1327","revealed",1,"Bush 43",0.000243249817562637
"1328","revelations",1,"Bush 43",0.000243249817562637
"1329","ricardo",1,"Bush 43",0.000243249817562637
"1330","righteous",1,"Bush 43",0.000243249817562637
"1331","rightly",1,"Bush 43",0.000243249817562637
"1332","rights",1,"Bush 43",0.000243249817562637
"1333","rivals",1,"Bush 43",0.000243249817562637
"1334","roosevelt",1,"Bush 43",0.000243249817562637
"1335","rough",1,"Bush 43",0.000243249817562637
"1336","run",1,"Bush 43",0.000243249817562637
"1337","ruthless",1,"Bush 43",0.000243249817562637
"1338","sadness",1,"Bush 43",0.000243249817562637
"1339","safer",1,"Bush 43",0.000243249817562637
"1340","salazar",1,"Bush 43",0.000243249817562637
"1341","salt",1,"Bush 43",0.000243249817562637
"1342","samaritan’s",1,"Bush 43",0.000243249817562637
"1343","save",1,"Bush 43",0.000243249817562637
"1344","saw",1,"Bush 43",0.000243249817562637
"1345","schools",1,"Bush 43",0.000243249817562637
"1346","scripture",1,"Bush 43",0.000243249817562637
"1347","seas",1,"Bush 43",0.000243249817562637
"1348","secure",1,"Bush 43",0.000243249817562637
"1349","security",1,"Bush 43",0.000243249817562637
"1350","seldom",1,"Bush 43",0.000243249817562637
"1351","selfconceited",1,"Bush 43",0.000243249817562637
"1352","selfgiving",1,"Bush 43",0.000243249817562637
"1353","selfgovernment",1,"Bush 43",0.000243249817562637
"1354","send",1,"Bush 43",0.000243249817562637
"1355","sends",1,"Bush 43",0.000243249817562637
"1356","sentelle",1,"Bush 43",0.000243249817562637
"1357","sergeant",1,"Bush 43",0.000243249817562637
"1358","serious",1,"Bush 43",0.000243249817562637
"1359","servicemen",1,"Bush 43",0.000243249817562637
"1360","seven",1,"Bush 43",0.000243249817562637
"1361","several",1,"Bush 43",0.000243249817562637
"1362","sex",1,"Bush 43",0.000243249817562637
"1363","shannons",1,"Bush 43",0.000243249817562637
"1364","shape",1,"Bush 43",0.000243249817562637
"1365","shelter",1,"Bush 43",0.000243249817562637
"1366","shelters",1,"Bush 43",0.000243249817562637
"1367","shes",1,"Bush 43",0.000243249817562637
"1368","shipment",1,"Bush 43",0.000243249817562637
"1369","shores",1,"Bush 43",0.000243249817562637
"1370","shortly",1,"Bush 43",0.000243249817562637
"1371","showing",1,"Bush 43",0.000243249817562637
"1372","sick",1,"Bush 43",0.000243249817562637
"1373","signs",1,"Bush 43",0.000243249817562637
"1374","silence",1,"Bush 43",0.000243249817562637
"1375","similar",1,"Bush 43",0.000243249817562637
"1376","simple",1,"Bush 43",0.000243249817562637
"1377","simply",1,"Bush 43",0.000243249817562637
"1378","sing",1,"Bush 43",0.000243249817562637
"1379","singers",1,"Bush 43",0.000243249817562637
"1380","single",1,"Bush 43",0.000243249817562637
"1381","sisters",1,"Bush 43",0.000243249817562637
"1382","size",1,"Bush 43",0.000243249817562637
"1383","skill",1,"Bush 43",0.000243249817562637
"1384","slavery",1,"Bush 43",0.000243249817562637
"1385","sleep",1,"Bush 43",0.000243249817562637
"1386","slow",1,"Bush 43",0.000243249817562637
"1387","small",1,"Bush 43",0.000243249817562637
"1388","smiles",1,"Bush 43",0.000243249817562637
"1389","smith",1,"Bush 43",0.000243249817562637
"1390","soccer",1,"Bush 43",0.000243249817562637
"1391","social",1,"Bush 43",0.000243249817562637
"1392","society",1,"Bush 43",0.000243249817562637
"1393","solace",1,"Bush 43",0.000243249817562637
"1394","solitude",1,"Bush 43",0.000243249817562637
"1395","somebody—",1,"Bush 43",0.000243249817562637
"1396","songs",1,"Bush 43",0.000243249817562637
"1397","sons",1,"Bush 43",0.000243249817562637
"1398","sorrows",1,"Bush 43",0.000243249817562637
"1399","sort",1,"Bush 43",0.000243249817562637
"1400","spark",1,"Bush 43",0.000243249817562637
"1401","speakers",1,"Bush 43",0.000243249817562637
"1402","speaks",1,"Bush 43",0.000243249817562637
"1403","speech",1,"Bush 43",0.000243249817562637
"1404","spent",1,"Bush 43",0.000243249817562637
"1405","spoke",1,"Bush 43",0.000243249817562637
"1406","spoken",1,"Bush 43",0.000243249817562637
"1407","spring",1,"Bush 43",0.000243249817562637
"1408","squarely",1,"Bush 43",0.000243249817562637
"1409","sri",1,"Bush 43",0.000243249817562637
"1410","stage",1,"Bush 43",0.000243249817562637
"1411","stands",1,"Bush 43",0.000243249817562637
"1412","stay",1,"Bush 43",0.000243249817562637
"1413","steadfast",1,"Bush 43",0.000243249817562637
"1414","step",1,"Bush 43",0.000243249817562637
"1415","stepped",1,"Bush 43",0.000243249817562637
"1416","still",1,"Bush 43",0.000243249817562637
"1417","stop",1,"Bush 43",0.000243249817562637
"1418","strangers",1,"Bush 43",0.000243249817562637
"1419","struck",1,"Bush 43",0.000243249817562637
"1420","struggle",1,"Bush 43",0.000243249817562637
"1421","studying",1,"Bush 43",0.000243249817562637
"1422","stupak",1,"Bush 43",0.000243249817562637
"1423","superb",1,"Bush 43",0.000243249817562637
"1424","sure",1,"Bush 43",0.000243249817562637
"1425","surrender",1,"Bush 43",0.000243249817562637
"1426","suspicions",1,"Bush 43",0.000243249817562637
"1427","sustained",1,"Bush 43",0.000243249817562637
"1428","sustaining",1,"Bush 43",0.000243249817562637
"1429","sustains",1,"Bush 43",0.000243249817562637
"1430","sword",1,"Bush 43",0.000243249817562637
"1431","symbol",1,"Bush 43",0.000243249817562637
"1432","table",1,"Bush 43",0.000243249817562637
"1433","taken",1,"Bush 43",0.000243249817562637
"1434","taking",1,"Bush 43",0.000243249817562637
"1435","tambien",1,"Bush 43",0.000243249817562637
"1436","target",1,"Bush 43",0.000243249817562637
"1437","teacher",1,"Bush 43",0.000243249817562637
"1438","tear",1,"Bush 43",0.000243249817562637
"1439","tears",1,"Bush 43",0.000243249817562637
"1440","temples",1,"Bush 43",0.000243249817562637
"1441","tenet",1,"Bush 43",0.000243249817562637
"1442","term",1,"Bush 43",0.000243249817562637
"1443","terms",1,"Bush 43",0.000243249817562637
"1444","terrorist",1,"Bush 43",0.000243249817562637
"1445","theyre",1,"Bush 43",0.000243249817562637
"1446","third",1,"Bush 43",0.000243249817562637
"1447","thought",1,"Bush 43",0.000243249817562637
"1448","threat",1,"Bush 43",0.000243249817562637
"1449","three",1,"Bush 43",0.000243249817562637
"1450","thy",1,"Bush 43",0.000243249817562637
"1451","thyself’’",1,"Bush 43",0.000243249817562637
"1452","time—set",1,"Bush 43",0.000243249817562637
"1453","tired",1,"Bush 43",0.000243249817562637
"1454","todd",1,"Bush 43",0.000243249817562637
"1455","tolerate",1,"Bush 43",0.000243249817562637
"1456","tonight",1,"Bush 43",0.000243249817562637
"1457","tony",1,"Bush 43",0.000243249817562637
"1458","took",1,"Bush 43",0.000243249817562637
"1459","total",1,"Bush 43",0.000243249817562637
"1460","touched",1,"Bush 43",0.000243249817562637
"1461","touches",1,"Bush 43",0.000243249817562637
"1462","tough",1,"Bush 43",0.000243249817562637
"1463","towns",1,"Bush 43",0.000243249817562637
"1464","toys",1,"Bush 43",0.000243249817562637
"1465","transformed",1,"Bush 43",0.000243249817562637
"1466","transforms",1,"Bush 43",0.000243249817562637
"1467","traveling",1,"Bush 43",0.000243249817562637
"1468","travels",1,"Bush 43",0.000243249817562637
"1469","tremendous",1,"Bush 43",0.000243249817562637
"1470","trial",1,"Bush 43",0.000243249817562637
"1471","trials",1,"Bush 43",0.000243249817562637
"1472","tribute",1,"Bush 43",0.000243249817562637
"1473","triumph",1,"Bush 43",0.000243249817562637
"1474","trouble",1,"Bush 43",0.000243249817562637
"1475","troubled",1,"Bush 43",0.000243249817562637
"1476","truman",1,"Bush 43",0.000243249817562637
"1477","trying",1,"Bush 43",0.000243249817562637
"1478","tsunami",1,"Bush 43",0.000243249817562637
"1479","tsunamis",1,"Bush 43",0.000243249817562637
"1480","tug",1,"Bush 43",0.000243249817562637
"1481","turn",1,"Bush 43",0.000243249817562637
"1482","twila",1,"Bush 43",0.000243249817562637
"1483","two",1,"Bush 43",0.000243249817562637
"1484","tyranny",1,"Bush 43",0.000243249817562637
"1485","uganda",1,"Bush 43",0.000243249817562637
"1486","uncertainty",1,"Bush 43",0.000243249817562637
"1487","undeniable",1,"Bush 43",0.000243249817562637
"1488","understood",1,"Bush 43",0.000243249817562637
"1489","union",1,"Bush 43",0.000243249817562637
"1490","universe",1,"Bush 43",0.000243249817562637
"1491","unknown",1,"Bush 43",0.000243249817562637
"1492","using",1,"Bush 43",0.000243249817562637
"1493","utah",1,"Bush 43",0.000243249817562637
"1494","vain",1,"Bush 43",0.000243249817562637
"1495","values",1,"Bush 43",0.000243249817562637
"1496","victory",1,"Bush 43",0.000243249817562637
"1497","violence",1,"Bush 43",0.000243249817562637
"1498","violent",1,"Bush 43",0.000243249817562637
"1499","vision",1,"Bush 43",0.000243249817562637
"1500","vital",1,"Bush 43",0.000243249817562637
"1501","volunteers",1,"Bush 43",0.000243249817562637
"1502","vulnerable",1,"Bush 43",0.000243249817562637
"1503","walked",1,"Bush 43",0.000243249817562637
"1504","wallet",1,"Bush 43",0.000243249817562637
"1505","ward",1,"Bush 43",0.000243249817562637
"1506","warrant",1,"Bush 43",0.000243249817562637
"1507","wasn’t",1,"Bush 43",0.000243249817562637
"1508","watoto",1,"Bush 43",0.000243249817562637
"1509","weak",1,"Bush 43",0.000243249817562637
"1510","weapons",1,"Bush 43",0.000243249817562637
"1511","wear",1,"Bush 43",0.000243249817562637
"1512","weary",1,"Bush 43",0.000243249817562637
"1513","weeks",1,"Bush 43",0.000243249817562637
"1514","welcomed",1,"Bush 43",0.000243249817562637
"1515","welcoming",1,"Bush 43",0.000243249817562637
"1516","whove",1,"Bush 43",0.000243249817562637
"1517","wicked",1,"Bush 43",0.000243249817562637
"1518","wintley",1,"Bush 43",0.000243249817562637
"1519","wiped",1,"Bush 43",0.000243249817562637
"1520","wise",1,"Bush 43",0.000243249817562637
"1521","within",1,"Bush 43",0.000243249817562637
"1522","witnesses",1,"Bush 43",0.000243249817562637
"1523","woman",1,"Bush 43",0.000243249817562637
"1524","wondering",1,"Bush 43",0.000243249817562637
"1525","wont",1,"Bush 43",0.000243249817562637
"1526","word",1,"Bush 43",0.000243249817562637
"1527","works",1,"Bush 43",0.000243249817562637
"1528","worst",1,"Bush 43",0.000243249817562637
"1529","written",1,"Bush 43",0.000243249817562637
"1530","wyoming",1,"Bush 43",0.000243249817562637
"1531","youd",1,"Bush 43",0.000243249817562637
"1532","zach",1,"Bush 43",0.000243249817562637
